#timestamp [ns],filename
0,0000000001.png
41666666,0000000002.png
83333333,0000000003.png
125000000,0000000004.png
166666666,0000000005.png
208333333,0000000006.png
250000000,0000000007.png
291666666,0000000008.png
333333333,0000000009.png
375000000,0000000010.png
416666666,0000000011.png
458333333,0000000012.png
500000000,0000000013.png
541666666,0000000014.png
583333333,0000000015.png
625000000,0000000016.png
666666666,0000000017.png
708333333,0000000018.png
750000000,0000000019.png
791666666,0000000020.png
833333333,0000000021.png
875000000,0000000022.png
916666666,0000000023.png
958333333,0000000024.png
1000000000,0000000025.png
1041666666,0000000026.png
1083333333,0000000027.png
1125000000,0000000028.png
1166666666,0000000029.png
1208333333,0000000030.png
1250000000,0000000031.png
1291666666,0000000032.png
1333333333,0000000033.png
1375000000,0000000034.png
1416666666,0000000035.png
1458333333,0000000036.png
1500000000,0000000037.png
1541666666,0000000038.png
1583333333,0000000039.png
1625000000,0000000040.png
1666666666,0000000041.png
1708333333,0000000042.png
1750000000,0000000043.png
1791666666,0000000044.png
1833333333,0000000045.png
1875000000,0000000046.png
1916666666,0000000047.png
1958333333,0000000048.png
2000000000,0000000049.png
2041666666,0000000050.png
2083333333,0000000051.png
2125000000,0000000052.png
2166666666,0000000053.png
2208333333,0000000054.png
2250000000,0000000055.png
2291666666,0000000056.png
2333333333,0000000057.png
2375000000,0000000058.png
2416666666,0000000059.png
2458333333,0000000060.png
2500000000,0000000061.png
2541666666,0000000062.png
2583333333,0000000063.png
2625000000,0000000064.png
2666666666,0000000065.png
2708333333,0000000066.png
2750000000,0000000067.png
2791666666,0000000068.png
2833333333,0000000069.png
2875000000,0000000070.png
2916666666,0000000071.png
2958333333,0000000072.png
3000000000,0000000073.png
3041666666,0000000074.png
3083333333,0000000075.png
3125000000,0000000076.png
3166666666,0000000077.png
3208333333,0000000078.png
3250000000,0000000079.png
3291666666,0000000080.png
3333333333,0000000081.png
3375000000,0000000082.png
3416666666,0000000083.png
3458333333,0000000084.png
3500000000,0000000085.png
3541666666,0000000086.png
3583333333,0000000087.png
3625000000,0000000088.png
3666666666,0000000089.png
3708333333,0000000090.png
3750000000,0000000091.png
3791666666,0000000092.png
3833333333,0000000093.png
3875000000,0000000094.png
3916666666,0000000095.png
3958333333,0000000096.png
4000000000,0000000097.png
4041666666,0000000098.png
4083333333,0000000099.png
4125000000,0000000100.png
4166666666,0000000101.png
4208333333,0000000102.png
4250000000,0000000103.png
4291666666,0000000104.png
4333333333,0000000105.png
4375000000,0000000106.png
4416666666,0000000107.png
4458333333,0000000108.png
4500000000,0000000109.png
4541666666,0000000110.png
4583333333,0000000111.png
4625000000,0000000112.png
4666666666,0000000113.png
4708333333,0000000114.png
4750000000,0000000115.png
4791666666,0000000116.png
4833333333,0000000117.png
4875000000,0000000118.png
4916666666,0000000119.png
4958333333,0000000120.png
5000000000,0000000121.png
5041666666,0000000122.png
5083333333,0000000123.png
5125000000,0000000124.png
5166666666,0000000125.png
5208333333,0000000126.png
5250000000,0000000127.png
5291666666,0000000128.png
5333333333,0000000129.png
5375000000,0000000130.png
5416666666,0000000131.png
5458333333,0000000132.png
5500000000,0000000133.png
5541666666,0000000134.png
5583333333,0000000135.png
5625000000,0000000136.png
5666666666,0000000137.png
5708333333,0000000138.png
5750000000,0000000139.png
5791666666,0000000140.png
5833333333,0000000141.png
5875000000,0000000142.png
5916666666,0000000143.png
5958333333,0000000144.png
6000000000,0000000145.png
6041666666,0000000146.png
6083333333,0000000147.png
6125000000,0000000148.png
6166666666,0000000149.png
6208333333,0000000150.png
6250000000,0000000151.png
6291666666,0000000152.png
6333333333,0000000153.png
6375000000,0000000154.png
6416666666,0000000155.png
6458333333,0000000156.png
6500000000,0000000157.png
6541666666,0000000158.png
6583333333,0000000159.png
6625000000,0000000160.png
6666666666,0000000161.png
6708333333,0000000162.png
6750000000,0000000163.png
6791666666,0000000164.png
6833333333,0000000165.png
6875000000,0000000166.png
6916666666,0000000167.png
6958333333,0000000168.png
7000000000,0000000169.png
7041666666,0000000170.png
7083333333,0000000171.png
7125000000,0000000172.png
7166666666,0000000173.png
7208333333,0000000174.png
7250000000,0000000175.png
7291666666,0000000176.png
7333333333,0000000177.png
7375000000,0000000178.png
7416666666,0000000179.png
7458333333,0000000180.png
7500000000,0000000181.png
7541666666,0000000182.png
7583333333,0000000183.png
7625000000,0000000184.png
7666666666,0000000185.png
7708333333,0000000186.png
7750000000,0000000187.png
7791666666,0000000188.png
7833333333,0000000189.png
7875000000,0000000190.png
7916666666,0000000191.png
7958333333,0000000192.png
8000000000,0000000193.png
8041666666,0000000194.png
8083333333,0000000195.png
8125000000,0000000196.png
8166666666,0000000197.png
8208333333,0000000198.png
8250000000,0000000199.png
8291666666,0000000200.png
8333333333,0000000201.png
8375000000,0000000202.png
8416666666,0000000203.png
8458333333,0000000204.png
8500000000,0000000205.png
8541666666,0000000206.png
8583333333,0000000207.png
8625000000,0000000208.png
8666666666,0000000209.png
8708333333,0000000210.png
8750000000,0000000211.png
8791666666,0000000212.png
8833333333,0000000213.png
8875000000,0000000214.png
8916666666,0000000215.png
8958333333,0000000216.png
9000000000,0000000217.png
9041666666,0000000218.png
9083333333,0000000219.png
9125000000,0000000220.png
9166666666,0000000221.png
9208333333,0000000222.png
9250000000,0000000223.png
9291666666,0000000224.png
9333333333,0000000225.png
9375000000,0000000226.png
9416666666,0000000227.png
9458333333,0000000228.png
9500000000,0000000229.png
9541666666,0000000230.png
9583333333,0000000231.png
9625000000,0000000232.png
9666666666,0000000233.png
9708333333,0000000234.png
9750000000,0000000235.png
9791666666,0000000236.png
9833333333,0000000237.png
9875000000,0000000238.png
9916666666,0000000239.png
9958333333,0000000240.png
10000000000,0000000241.png
10041666666,0000000242.png
10083333333,0000000243.png
10125000000,0000000244.png
10166666666,0000000245.png
10208333333,0000000246.png
10250000000,0000000247.png
10291666666,0000000248.png
10333333333,0000000249.png
10375000000,0000000250.png
10416666666,0000000251.png
10458333333,0000000252.png
10500000000,0000000253.png
10541666666,0000000254.png
10583333333,0000000255.png
10625000000,0000000256.png
10666666666,0000000257.png
10708333333,0000000258.png
10750000000,0000000259.png
10791666666,0000000260.png
10833333333,0000000261.png
10875000000,0000000262.png
10916666666,0000000263.png
10958333333,0000000264.png
11000000000,0000000265.png
11041666666,0000000266.png
11083333333,0000000267.png
11125000000,0000000268.png
11166666666,0000000269.png
11208333333,0000000270.png
11250000000,0000000271.png
11291666666,0000000272.png
11333333333,0000000273.png
11375000000,0000000274.png
11416666666,0000000275.png
11458333333,0000000276.png
11500000000,0000000277.png
11541666666,0000000278.png
11583333333,0000000279.png
11625000000,0000000280.png
11666666666,0000000281.png
11708333333,0000000282.png
11750000000,0000000283.png
11791666666,0000000284.png
11833333333,0000000285.png
11875000000,0000000286.png
11916666666,0000000287.png
11958333333,0000000288.png
12000000000,0000000289.png
12041666666,0000000290.png
12083333333,0000000291.png
12125000000,0000000292.png
12166666666,0000000293.png
12208333333,0000000294.png
12250000000,0000000295.png
12291666666,0000000296.png
12333333333,0000000297.png
12375000000,0000000298.png
12416666666,0000000299.png
12458333333,0000000300.png
12500000000,0000000301.png
12541666666,0000000302.png
12583333333,0000000303.png
12625000000,0000000304.png
12666666666,0000000305.png
12708333333,0000000306.png
12750000000,0000000307.png
12791666666,0000000308.png
12833333333,0000000309.png
12875000000,0000000310.png
12916666666,0000000311.png
12958333333,0000000312.png
13000000000,0000000313.png
13041666666,0000000314.png
13083333333,0000000315.png
13125000000,0000000316.png
13166666666,0000000317.png
13208333333,0000000318.png
13250000000,0000000319.png
13291666666,0000000320.png
13333333333,0000000321.png
13375000000,0000000322.png
13416666666,0000000323.png
13458333333,0000000324.png
13500000000,0000000325.png
13541666666,0000000326.png
13583333333,0000000327.png
13625000000,0000000328.png
13666666666,0000000329.png
13708333333,0000000330.png
13750000000,0000000331.png
13791666666,0000000332.png
13833333333,0000000333.png
13875000000,0000000334.png
13916666666,0000000335.png
13958333333,0000000336.png
14000000000,0000000337.png
14041666666,0000000338.png
14083333333,0000000339.png
14125000000,0000000340.png
14166666666,0000000341.png
14208333333,0000000342.png
14250000000,0000000343.png
14291666666,0000000344.png
14333333333,0000000345.png
14375000000,0000000346.png
14416666666,0000000347.png
14458333333,0000000348.png
14500000000,0000000349.png
14541666666,0000000350.png
14583333333,0000000351.png
14625000000,0000000352.png
14666666666,0000000353.png
14708333333,0000000354.png
14750000000,0000000355.png
14791666666,0000000356.png
14833333333,0000000357.png
14875000000,0000000358.png
14916666666,0000000359.png
14958333333,0000000360.png
15000000000,0000000361.png
15041666666,0000000362.png
15083333333,0000000363.png
15125000000,0000000364.png
15166666666,0000000365.png
15208333333,0000000366.png
15250000000,0000000367.png
15291666666,0000000368.png
15333333333,0000000369.png
15375000000,0000000370.png
15416666666,0000000371.png
15458333333,0000000372.png
15500000000,0000000373.png
15541666666,0000000374.png
15583333333,0000000375.png
15625000000,0000000376.png
15666666666,0000000377.png
15708333333,0000000378.png
15750000000,0000000379.png
15791666666,0000000380.png
15833333333,0000000381.png
15875000000,0000000382.png
15916666666,0000000383.png
15958333333,0000000384.png
16000000000,0000000385.png
16041666666,0000000386.png
16083333333,0000000387.png
16125000000,0000000388.png
16166666666,0000000389.png
16208333333,0000000390.png
16250000000,0000000391.png
16291666666,0000000392.png
16333333333,0000000393.png
16375000000,0000000394.png
16416666666,0000000395.png
16458333333,0000000396.png
16500000000,0000000397.png
16541666666,0000000398.png
16583333333,0000000399.png
16625000000,0000000400.png
16666666666,0000000401.png
16708333333,0000000402.png
16750000000,0000000403.png
16791666666,0000000404.png
16833333333,0000000405.png
16875000000,0000000406.png
16916666666,0000000407.png
16958333333,0000000408.png
17000000000,0000000409.png
17041666666,0000000410.png
17083333333,0000000411.png
17125000000,0000000412.png
17166666666,0000000413.png
17208333333,0000000414.png
17250000000,0000000415.png
17291666666,0000000416.png
17333333333,0000000417.png
17375000000,0000000418.png
17416666666,0000000419.png
17458333333,0000000420.png
17500000000,0000000421.png
17541666666,0000000422.png
17583333333,0000000423.png
17625000000,0000000424.png
17666666666,0000000425.png
17708333333,0000000426.png
17750000000,0000000427.png
17791666666,0000000428.png
17833333333,0000000429.png
17875000000,0000000430.png
17916666666,0000000431.png
17958333333,0000000432.png
18000000000,0000000433.png
18041666666,0000000434.png
18083333333,0000000435.png
18125000000,0000000436.png
18166666666,0000000437.png
18208333333,0000000438.png
18250000000,0000000439.png
18291666666,0000000440.png
18333333333,0000000441.png
18375000000,0000000442.png
18416666666,0000000443.png
18458333333,0000000444.png
18500000000,0000000445.png
18541666666,0000000446.png
18583333333,0000000447.png
18625000000,0000000448.png
18666666666,0000000449.png
18708333333,0000000450.png
18750000000,0000000451.png
18791666666,0000000452.png
18833333333,0000000453.png
18875000000,0000000454.png
18916666666,0000000455.png
18958333333,0000000456.png
19000000000,0000000457.png
19041666666,0000000458.png
19083333333,0000000459.png
19125000000,0000000460.png
19166666666,0000000461.png
19208333333,0000000462.png
19250000000,0000000463.png
19291666666,0000000464.png
19333333333,0000000465.png
19375000000,0000000466.png
19416666666,0000000467.png
19458333333,0000000468.png
19500000000,0000000469.png
19541666666,0000000470.png
19583333333,0000000471.png
19625000000,0000000472.png
19666666666,0000000473.png
19708333333,0000000474.png
19750000000,0000000475.png
19791666666,0000000476.png
19833333333,0000000477.png
19875000000,0000000478.png
19916666666,0000000479.png
19958333333,0000000480.png
20000000000,0000000481.png
20041666666,0000000482.png
20083333333,0000000483.png
20125000000,0000000484.png
20166666666,0000000485.png
20208333333,0000000486.png
20250000000,0000000487.png
20291666666,0000000488.png
20333333333,0000000489.png
20375000000,0000000490.png
20416666666,0000000491.png
20458333333,0000000492.png
20500000000,0000000493.png
20541666666,0000000494.png
20583333333,0000000495.png
20625000000,0000000496.png
20666666666,0000000497.png
20708333333,0000000498.png
20750000000,0000000499.png
20791666666,0000000500.png
